{"cameraMode":{"drawMode":0,"name":"Shaded","section":"Shading Mode"},"sceneLighting":true,"audioPlay":false,"sceneViewState":{"m_AlwaysRefresh":false,"showFog":true,"showSkybox":true,"showFlares":true,"showImageEffects":true,"showParticleSystems":true,"showVisualEffectGraphs":true,"m_FxEnabled":true},"in2DMode":false,"pivot":{"x":-12.3490629196167,"y":-1.5312657356262208,"z":-9.442452430725098},"rotation":{"x":0.2371150404214859,"y":0.010194839909672737,"z":-0.0025147900450974705,"w":0.9714711308479309},"size":10.741680145263672,"orthographic":false}