{"cameraMode":{"drawMode":0,"name":"Shaded","section":"Shading Mode"},"sceneLighting":true,"audioPlay":false,"sceneViewState":{"m_AlwaysRefresh":false,"showFog":true,"showSkybox":true,"showFlares":true,"showImageEffects":true,"showParticleSystems":true,"showVisualEffectGraphs":true,"m_FxEnabled":true},"in2DMode":false,"pivot":{"x":-0.5829458236694336,"y":13.060073852539063,"z":-28.61206817626953},"rotation":{"x":0.36047545075416567,"y":0.07126011699438095,"z":-0.027630524709820749,"w":0.929668664932251},"size":9.592069625854493,"orthographic":false}